"","shape","rate"
"shape",1.33815286038561e-07,-1.09481779478234e-05
"rate",-1.09481779478235e-05,0.000909872003875238
