"","shape","rate"
"shape",1.49587692773972e-07,-1.16545980520046e-05
"rate",-1.16545980520046e-05,0.00092336954258446
